название товара,цена,ссылка
Подвесной светильник Ферум Оранжевый,2990,https://www.divan.ru/product/podvesnoj-svetilnik-ferum-orange
Настольная лампа Нидлс Бежевый,6990,https://www.divan.ru/product/nastolnaya-lampa-nidls-raffia-beige
Настольная лампа Спайк Оранжевый,1390,https://www.divan.ru/product/nastolnaya-lampa-spajk-orange
Настольная лампа Астри Бежевый,990,https://www.divan.ru/product/nastolnaya-lampa-astri-beige
Подвесной светильник Бабл-3 Черный,4990,https://www.divan.ru/product/podvesnoj-svetilnik-babl-3
Светильник потолочный Ринга Черный,2290,https://www.divan.ru/product/svetilnik-potolochnyj-ringa-black
Настольная лампа Гейза Orange,3990,https://www.divan.ru/product/nastolnaya-lampa-gejza-orange
Люстра Ливсден Коричневый,14990,https://www.divan.ru/product/lyustra-livsden-brown
Подвесной светильник Малинг Черный,4990,https://www.divan.ru/product/podvesnoj-svetilnik-maling-black
Подвесной светильник Отра Древесный натуральный,9990,https://www.divan.ru/product/podvesnoj-svetilnik-otra-wood
Торшер Бьйорк Белый,6990,https://www.divan.ru/product/torsher-bjork-white
Подвесной светильник Джамби-1 Натуральный,4990,https://www.divan.ru/product/podvesnoj-svetilnik-djambi-1-rattan
Настольная лампа Спайк Зеленый,1390,https://www.divan.ru/product/nastolnaya-lampa-spajk-green
Подвесной светильник Портланд Черный,2490,https://www.divan.ru/product/podvesnoj-svetilnik-portland-black
Подвесной светильник Нидлс Бежевый,5990,https://www.divan.ru/product/podvesnoj-svetilnik-nidls-beige
Подвесной светильник Кэндел Черный,1990,https://www.divan.ru/product/podvesnoj-svetilnik-kendel-black
Люстра Синдри Черный,9990,https://www.divan.ru/product/lyustra-sindri-black
Подвесной светильник Сансет Черный,3490,https://www.divan.ru/product/podvesnoj-svetilnik-sanset-black
Подвесной светильник Фюн Белый,2290,https://www.divan.ru/product/podvesnoj-svetilnik-fyun-white
Подвесной светильник Ферум Черный,1990,https://www.divan.ru/product/podvesnoj-svetilnik-ferum-black
Подвесной светильник Тубули-5 Древесный натуральный,7990,https://www.divan.ru/product/podvesnoj-svetilnik-tubuli-5-wood
Подвесной светильник Чинкве Золотистый,2990,https://www.divan.ru/product/podvesnoj-svetilnik-chinkve-gold
Настольная лампа Машрум-2 Черный,4990,https://www.divan.ru/product/nastolnaya-lampa-mashrum-2-black
Подвесной светильник Гронтри-1 Древесный натуральный,6990,https://www.divan.ru/product/podvesnoj-svetilnik-grontri-1-wood
Настольная лампа Арбет Белый,1490,https://www.divan.ru/product/nastolnaya-lampa-arbet-white
Подвесной светильник Ливсден Коричневый,3490,https://www.divan.ru/product/podvesnoj-svetilnik-livsden-brown
Торшер Флиммер Black,5290,https://www.divan.ru/product/torsher-flimmer-black
Настольная лампа Спайк Розовый,990,https://www.divan.ru/product/nastolnaya-lampa-spajk-pink
Светильник потолочный Орхус Белый,9990,https://www.divan.ru/product/svetilnik-potolochnyj-orhus-white
Торшер Вена Black,7990,https://www.divan.ru/product/torsher-vena-black
Торшер Энкель Черный,3990,https://www.divan.ru/product/torsher-enkel-black
Подвесной светильник Ферум Серый,1990,https://www.divan.ru/product/podvesnoj-svetilnik-ferum-grey
Бра Пинна Черный,3990,https://www.divan.ru/product/bra-pinna-black
Торшер Варио Белый,4990,https://www.divan.ru/product/torsher-vario-white
Настольная лампа Арвика Древесный натуральный,2990,https://www.divan.ru/product/nastolnaya-lampa-arvika-wood
Бра Смастен Черный,2490,https://www.divan.ru/product/bra-smasten-black
Подвесной светильник Рена Белый,2290,https://www.divan.ru/product/podvesnoj-svetilnik-rena-white
Люстра Флиммер Черный,5990,https://www.divan.ru/product/lyustra-flimmer-black
Подвесной светильник Чинкве Серый,2990,https://www.divan.ru/product/podvesnoj-svetilnik-chinkve-gray
Светильник потолочный Лаго Белый,6990,https://www.divan.ru/product/svetilnik-potolochnyj-lago-white
Настольная лампа Синдри Серый,2490,https://www.divan.ru/product/nastolnaya-lampa-sindri-grey
Подвесной светильник Сансет Белый,3490,https://www.divan.ru/product/podvesnoj-svetilnik-sanset-white
